{
  "project_info": {
    "project_number": "165468867161",
    "firebase_url": "https://sucess-b4380.firebaseio.com",
    "project_id": "sucess-b4380",
    "storage_bucket": "sucess-b4380.appspot.com"
  },
  "client": [
    {
      "client_info": {
        "mobilesdk_app_id": "1:165468867161:android:13c3c6a65bcbec53",
        "android_client_info": {
          "package_name": "com.example.myapplication"
        }
      },
      "oauth_client": [
        {
          "client_id": "165468867161-o65orv44v821r2f7u8k5m7vo6aabpsei.apps.googleusercontent.com",
          "client_type": 3
        }
      ],
      "api_key": [
        {
          "current_key": "AIzaSyCKSbErwszfDyxBdCU9wsGjaTWjIrrUbOs"
        }
      ],
      "services": {
        "appinvite_service": {
          "other_platform_oauth_client": [
            {
              "client_id": "165468867161-o65orv44v821r2f7u8k5m7vo6aabpsei.apps.googleusercontent.com",
              "client_type": 3
            }
          ]
        }
      }
    }
  ],
  "configuration_version": "1"
}